id_student,pattern_found,onset_assessment,onset_day,risk_at_onset,explanation
26247,No,,,,No repeated procrastination pattern was found.
29335,No,,,0.0,No repeated procrastination pattern was found.
29769,Yes,34875.0,96.0,47.0,"Pattern detected because the task was submitted after the deadline, and similar behaviour appeared in at least 2 of the last 3 tasks."
32221,Yes,34875.0,96.0,63.7,"Pattern detected because the task was completed close to the deadline, and academic activity increased sharply just before the deadline, and similar behaviour appeared in at least 2 of the last 3 tasks."
33600,No,,,,No repeated procrastination pattern was found.
34731,No,,,30.0,No repeated procrastination pattern was found.
42616,Yes,34874.0,47.0,72.5,"Pattern detected because the task was submitted after the deadline, and similar behaviour appeared in at least 2 of the last 3 tasks."
43958,No,,,0.0,No repeated procrastination pattern was found.
47924,Yes,34874.0,47.0,72.5,"Pattern detected because the task was submitted at the last minute, and academic activity increased sharply just before the deadline, and similar behaviour appeared in at least 2 of the last 3 tasks."
50487,No,,,0.0,No repeated procrastination pattern was found.
51485,Yes,34874.0,47.0,85.0,"Pattern detected because the task was submitted at the last minute, and academic activity increased sharply just before the deadline, and similar behaviour appeared in at least 2 of the last 3 tasks."
51576,Yes,34875.0,96.0,55.3,"Pattern detected because the task was submitted after the deadline, and similar behaviour appeared in at least 2 of the last 3 tasks."
53166,Yes,34875.0,96.0,63.7,"Pattern detected because the task was submitted at the last minute, and academic activity increased sharply just before the deadline, and similar behaviour appeared in at least 2 of the last 3 tasks."
54882,Yes,34874.0,47.0,85.0,"Pattern detected because the task was submitted at the last minute, and academic activity increased sharply just before the deadline, and similar behaviour appeared in at least 2 of the last 3 tasks."
55013,No,,,50.0,No repeated procrastination pattern was found.
55419,No,,,30.5,No repeated procrastination pattern was found.
57844,Yes,34875.0,96.0,63.3,"Pattern detected because the task was submitted after the deadline, and similar behaviour appeared in at least 2 of the last 3 tasks."
58640,Yes,34874.0,47.0,85.0,"Pattern detected because the task was submitted at the last minute, and academic activity increased sharply just before the deadline, and similar behaviour appeared in at least 2 of the last 3 tasks."
63295,Yes,34874.0,47.0,72.5,"Pattern detected because the task was submitted after the deadline, and similar behaviour appeared in at least 2 of the last 3 tasks."
64388,Yes,34876.0,131.0,47.0,"Pattern detected because the task was submitted after the deadline, and similar behaviour appeared in at least 2 of the last 3 tasks."
66451,No,,,0.0,No repeated procrastination pattern was found.
68107,Yes,34874.0,47.0,72.5,"Pattern detected because the task was submitted after the deadline, and similar behaviour appeared in at least 2 of the last 3 tasks."
69346,No,,,28.3,No repeated procrastination pattern was found.
70495,No,,,0.0,No repeated procrastination pattern was found.
71252,Yes,34875.0,96.0,71.7,"Pattern detected because the task was submitted at the last minute, and academic activity increased sharply just before the deadline, and similar behaviour appeared in at least 2 of the last 3 tasks."
72864,Yes,34876.0,131.0,56.7,"Pattern detected because the task was submitted at the last minute, and academic activity increased sharply just before the deadline, and similar behaviour appeared in at least 2 of the last 3 tasks."
77744,No,,,0.0,No repeated procrastination pattern was found.
77746,No,,,,No repeated procrastination pattern was found.
79261,Yes,34877.0,173.0,71.7,"Pattern detected because the task was submitted at the last minute, and academic activity increased sharply just before the deadline, and similar behaviour appeared in at least 2 of the last 3 tasks."
81536,No,,,42.5,No repeated procrastination pattern was found.
86669,Yes,34874.0,47.0,85.0,"Pattern detected because the task was submitted at the last minute, and academic activity increased sharply just before the deadline, and similar behaviour appeared in at least 2 of the last 3 tasks."
88781,Yes,34874.0,47.0,85.0,"Pattern detected because the task was submitted at the last minute, and academic activity increased sharply just before the deadline, and similar behaviour appeared in at least 2 of the last 3 tasks."
90901,No,,,0.0,No repeated procrastination pattern was found.
91629,Yes,34874.0,47.0,92.5,"Pattern detected because the task was submitted after the deadline, and academic activity increased sharply just before the deadline, and similar behaviour appeared in at least 2 of the last 3 tasks."
95746,No,,,0.0,No repeated procrastination pattern was found.
100064,Yes,34874.0,47.0,72.5,"Pattern detected because the task was submitted at the last minute, and academic activity increased sharply just before the deadline, and similar behaviour appeared in at least 2 of the last 3 tasks."
100788,Yes,34874.0,47.0,73.0,"Pattern detected because the task was completed close to the deadline, and academic activity increased sharply just before the deadline, and similar behaviour appeared in at least 2 of the last 3 tasks."
101217,No,,,,No repeated procrastination pattern was found.
101420,Yes,34875.0,96.0,71.7,"Pattern detected because the task was submitted at the last minute, and academic activity increased sharply just before the deadline, and similar behaviour appeared in at least 2 of the last 3 tasks."
102028,Yes,34875.0,96.0,63.3,"Pattern detected because the task was submitted after the deadline, and similar behaviour appeared in at least 2 of the last 3 tasks."
102343,No,,,0.0,No repeated procrastination pattern was found.
104213,No,,,0.0,No repeated procrastination pattern was found.
105629,Yes,34874.0,47.0,85.0,"Pattern detected because the task was submitted at the last minute, and academic activity increased sharply just before the deadline, and similar behaviour appeared in at least 2 of the last 3 tasks."
107028,Yes,34876.0,131.0,71.7,"Pattern detected because the task was submitted at the last minute, and academic activity increased sharply just before the deadline, and similar behaviour appeared in at least 2 of the last 3 tasks."
107084,Yes,34874.0,47.0,72.5,"Pattern detected because the task was submitted after the deadline, and similar behaviour appeared in at least 2 of the last 3 tasks."
110881,Yes,34875.0,96.0,63.3,"Pattern detected because the task was submitted at the last minute, and academic activity increased sharply just before the deadline, and similar behaviour appeared in at least 2 of the last 3 tasks."
113565,Yes,34874.0,47.0,85.0,"Pattern detected because the task was submitted at the last minute, and academic activity increased sharply just before the deadline, and similar behaviour appeared in at least 2 of the last 3 tasks."
114500,Yes,34874.0,47.0,100.0,"Pattern detected because the task was submitted after the deadline, and academic activity increased sharply just before the deadline, and similar behaviour appeared in at least 2 of the last 3 tasks."
116290,No,,,,No repeated procrastination pattern was found.
116529,No,,,33.3,No repeated procrastination pattern was found.
116631,No,,,,No repeated procrastination pattern was found.
116808,Yes,34875.0,96.0,55.7,"Pattern detected because the task was submitted at the last minute, and academic activity increased sharply just before the deadline, and similar behaviour appeared in at least 2 of the last 3 tasks."
117232,Yes,34875.0,96.0,63.7,"Pattern detected because the task was submitted at the last minute, and academic activity increased sharply just before the deadline, and similar behaviour appeared in at least 2 of the last 3 tasks."
118050,Yes,34875.0,96.0,76.7,"Pattern detected because the task was submitted after the deadline, and academic activity increased sharply just before the deadline, and similar behaviour appeared in at least 2 of the last 3 tasks."
126074,No,,,,No repeated procrastination pattern was found.
127642,Yes,34875.0,96.0,76.7,"Pattern detected because the task was submitted after the deadline, and academic activity increased sharply just before the deadline, and similar behaviour appeared in at least 2 of the last 3 tasks."
130658,No,,,0.0,No repeated procrastination pattern was found.
132453,Yes,34876.0,131.0,71.7,"Pattern detected because the task was submitted at the last minute, and academic activity increased sharply just before the deadline, and similar behaviour appeared in at least 2 of the last 3 tasks."
133019,Yes,34875.0,96.0,60.7,"Pattern detected because the task was submitted after the deadline, and academic activity increased sharply just before the deadline, and similar behaviour appeared in at least 2 of the last 3 tasks."
133185,Yes,34874.0,47.0,73.0,"Pattern detected because the task was submitted at the last minute, and academic activity increased sharply just before the deadline, and similar behaviour appeared in at least 2 of the last 3 tasks."
133718,No,,,45.0,No repeated procrastination pattern was found.
134847,No,,,52.5,No repeated procrastination pattern was found.
136894,No,,,0.0,No repeated procrastination pattern was found.
137903,Yes,34876.0,131.0,47.0,"Pattern detected because the task was submitted after the deadline, and similar behaviour appeared in at least 2 of the last 3 tasks."
139190,Yes,34875.0,96.0,55.7,"Pattern detected because the task was submitted at the last minute, and academic activity increased sharply just before the deadline, and similar behaviour appeared in at least 2 of the last 3 tasks."
139278,Yes,34875.0,96.0,63.7,"Pattern detected because the task was submitted at the last minute, and academic activity increased sharply just before the deadline, and similar behaviour appeared in at least 2 of the last 3 tasks."
139701,No,,,0.0,No repeated procrastination pattern was found.
141648,Yes,34876.0,131.0,40.3,"Pattern detected because the task was completed close to the deadline, and academic activity increased sharply just before the deadline, and similar behaviour appeared in at least 2 of the last 3 tasks."
144562,Yes,34875.0,96.0,55.0,"Pattern detected because the task was submitted after the deadline, and similar behaviour appeared in at least 2 of the last 3 tasks."
144959,No,,,,No repeated procrastination pattern was found.
146738,No,,,0.0,No repeated procrastination pattern was found.
148328,No,,,43.3,No repeated procrastination pattern was found.
152587,Yes,34876.0,131.0,68.7,"Pattern detected because the task was submitted at the last minute, and academic activity increased sharply just before the deadline, and similar behaviour appeared in at least 2 of the last 3 tasks."
152887,Yes,34874.0,47.0,92.5,"Pattern detected because the task was submitted after the deadline, and academic activity increased sharply just before the deadline, and similar behaviour appeared in at least 2 of the last 3 tasks."
154057,No,,,20.0,No repeated procrastination pattern was found.
154059,Yes,34875.0,96.0,55.0,"Pattern detected because the task was submitted after the deadline, and similar behaviour appeared in at least 2 of the last 3 tasks."
154191,Yes,34877.0,173.0,55.7,"Pattern detected because the task was completed close to the deadline, and academic activity increased sharply just before the deadline, and similar behaviour appeared in at least 2 of the last 3 tasks."
155298,No,,,40.0,No repeated procrastination pattern was found.
156171,No,,,0.0,No repeated procrastination pattern was found.
160310,Yes,34874.0,47.0,72.5,"Pattern detected because the task was submitted at the last minute, and academic activity increased sharply just before the deadline, and similar behaviour appeared in at least 2 of the last 3 tasks."
160934,No,,,65.0,No repeated procrastination pattern was found.
160946,Yes,34874.0,47.0,85.0,"Pattern detected because the task was submitted at the last minute, and academic activity increased sharply just before the deadline, and similar behaviour appeared in at least 2 of the last 3 tasks."
162809,Yes,34875.0,96.0,63.7,"Pattern detected because the task was submitted at the last minute, and academic activity increased sharply just before the deadline, and similar behaviour appeared in at least 2 of the last 3 tasks."
163120,No,,,0.0,No repeated procrastination pattern was found.
168229,Yes,34875.0,96.0,71.7,"Pattern detected because the task was submitted at the last minute, and academic activity increased sharply just before the deadline, and similar behaviour appeared in at least 2 of the last 3 tasks."
169908,No,,,22.0,No repeated procrastination pattern was found.
170030,Yes,34875.0,96.0,71.7,"Pattern detected because the task was submitted at the last minute, and academic activity increased sharply just before the deadline, and similar behaviour appeared in at least 2 of the last 3 tasks."
170943,Yes,34874.0,47.0,73.0,"Pattern detected because the task was completed close to the deadline, and academic activity increased sharply just before the deadline, and similar behaviour appeared in at least 2 of the last 3 tasks."
171304,Yes,34875.0,96.0,68.3,"Pattern detected because the task was submitted after the deadline, and academic activity increased sharply just before the deadline, and similar behaviour appeared in at least 2 of the last 3 tasks."
171549,No,,,0.0,No repeated procrastination pattern was found.
171692,Yes,34874.0,47.0,72.5,"Pattern detected because the task was submitted after the deadline, and similar behaviour appeared in at least 2 of the last 3 tasks."
173412,Yes,34879.0,236.0,53.3,"Pattern detected because the task was submitted after the deadline, and similar behaviour appeared in at least 2 of the last 3 tasks."
175453,No,,,0.0,No repeated procrastination pattern was found.
177568,Yes,34874.0,47.0,72.5,"Pattern detected because the task was submitted at the last minute, and academic activity increased sharply just before the deadline, and similar behaviour appeared in at least 2 of the last 3 tasks."
178118,No,,,0.0,No repeated procrastination pattern was found.
180974,Yes,34877.0,173.0,85.0,"Pattern detected because the task was submitted at the last minute, and academic activity increased sharply just before the deadline, and similar behaviour appeared in at least 2 of the last 3 tasks."
184473,Yes,34874.0,47.0,85.0,"Pattern detected because the task was submitted at the last minute, and academic activity increased sharply just before the deadline, and similar behaviour appeared in at least 2 of the last 3 tasks."
184720,No,,,,No repeated procrastination pattern was found.
187199,No,,,0.0,No repeated procrastination pattern was found.
188524,Yes,34875.0,96.0,68.3,"Pattern detected because the task was submitted after the deadline, and academic activity increased sharply just before the deadline, and similar behaviour appeared in at least 2 of the last 3 tasks."
190910,Yes,34874.0,47.0,85.0,"Pattern detected because the task was submitted at the last minute, and academic activity increased sharply just before the deadline, and similar behaviour appeared in at least 2 of the last 3 tasks."
192680,No,,,0.0,No repeated procrastination pattern was found.
198691,No,,,,No repeated procrastination pattern was found.
199361,Yes,34876.0,131.0,71.7,"Pattern detected because the task was submitted at the last minute, and academic activity increased sharply just before the deadline, and similar behaviour appeared in at least 2 of the last 3 tasks."
200278,No,,,,No repeated procrastination pattern was found.
202713,No,,,0.0,No repeated procrastination pattern was found.
206342,Yes,34874.0,47.0,85.0,"Pattern detected because the task was submitted at the last minute, and academic activity increased sharply just before the deadline, and similar behaviour appeared in at least 2 of the last 3 tasks."
206599,Yes,34875.0,96.0,71.7,"Pattern detected because the task was submitted at the last minute, and academic activity increased sharply just before the deadline, and similar behaviour appeared in at least 2 of the last 3 tasks."
228695,Yes,34874.0,47.0,85.0,"Pattern detected because the task was submitted at the last minute, and academic activity increased sharply just before the deadline, and similar behaviour appeared in at least 2 of the last 3 tasks."
229417,No,,,33.0,No repeated procrastination pattern was found.
231024,Yes,34874.0,47.0,92.5,"Pattern detected because the task was submitted after the deadline, and academic activity increased sharply just before the deadline, and similar behaviour appeared in at least 2 of the last 3 tasks."
231320,No,,,,No repeated procrastination pattern was found.
231606,Yes,34875.0,96.0,68.7,"Pattern detected because the task was submitted after the deadline, and academic activity increased sharply just before the deadline, and similar behaviour appeared in at least 2 of the last 3 tasks."
232347,No,,,0.0,No repeated procrastination pattern was found.
232660,Yes,34876.0,131.0,71.7,"Pattern detected because the task was submitted at the last minute, and academic activity increased sharply just before the deadline, and similar behaviour appeared in at least 2 of the last 3 tasks."
232764,Yes,34876.0,131.0,100.0,"Pattern detected because the task was submitted after the deadline, and academic activity increased sharply just before the deadline, and similar behaviour appeared in at least 2 of the last 3 tasks."
232856,Yes,34874.0,47.0,73.0,"Pattern detected because the task was submitted at the last minute, and academic activity increased sharply just before the deadline, and similar behaviour appeared in at least 2 of the last 3 tasks."
233087,No,,,0.0,No repeated procrastination pattern was found.
234068,No,,,,No repeated procrastination pattern was found.
235670,No,,,0.0,No repeated procrastination pattern was found.
235706,No,,,72.5,No repeated procrastination pattern was found.
235978,No,,,0.0,No repeated procrastination pattern was found.
237387,Yes,34875.0,96.0,55.7,"Pattern detected because the task was submitted at the last minute, and academic activity increased sharply just before the deadline, and similar behaviour appeared in at least 2 of the last 3 tasks."
238150,Yes,34874.0,47.0,61.0,"Pattern detected because the task was completed close to the deadline, and academic activity increased sharply just before the deadline, and similar behaviour appeared in at least 2 of the last 3 tasks."
241039,Yes,34876.0,131.0,71.7,"Pattern detected because the task was submitted at the last minute, and academic activity increased sharply just before the deadline, and similar behaviour appeared in at least 2 of the last 3 tasks."
242491,No,,,40.0,No repeated procrastination pattern was found.
243396,No,,,53.0,No repeated procrastination pattern was found.
244205,Yes,34876.0,131.0,76.7,"Pattern detected because the task was submitted after the deadline, and academic activity increased sharply just before the deadline, and similar behaviour appeared in at least 2 of the last 3 tasks."
245283,No,,,0.0,No repeated procrastination pattern was found.
248882,No,,,40.0,No repeated procrastination pattern was found.
249750,Yes,34874.0,47.0,92.5,"Pattern detected because the task was submitted after the deadline, and academic activity increased sharply just before the deadline, and similar behaviour appeared in at least 2 of the last 3 tasks."
251405,Yes,34874.0,47.0,85.0,"Pattern detected because the task was submitted at the last minute, and academic activity increased sharply just before the deadline, and similar behaviour appeared in at least 2 of the last 3 tasks."
251965,Yes,34874.0,47.0,85.0,"Pattern detected because the task was submitted at the last minute, and academic activity increased sharply just before the deadline, and similar behaviour appeared in at least 2 of the last 3 tasks."
253767,Yes,34874.0,47.0,85.0,"Pattern detected because the task was submitted at the last minute, and academic activity increased sharply just before the deadline, and similar behaviour appeared in at least 2 of the last 3 tasks."
254446,Yes,34877.0,173.0,48.7,"Pattern detected because the task was completed close to the deadline, and academic activity increased sharply just before the deadline, and similar behaviour appeared in at least 2 of the last 3 tasks."
255310,No,,,0.0,No repeated procrastination pattern was found.
256905,Yes,34874.0,47.0,85.0,"Pattern detected because the task was submitted at the last minute, and academic activity increased sharply just before the deadline, and similar behaviour appeared in at least 2 of the last 3 tasks."
257887,Yes,34875.0,96.0,76.7,"Pattern detected because the task was submitted after the deadline, and academic activity increased sharply just before the deadline, and similar behaviour appeared in at least 2 of the last 3 tasks."
261205,No,,,,No repeated procrastination pattern was found.
261525,No,,,53.0,No repeated procrastination pattern was found.
262403,Yes,34876.0,131.0,76.7,"Pattern detected because the task was submitted after the deadline, and academic activity increased sharply just before the deadline, and similar behaviour appeared in at least 2 of the last 3 tasks."
264164,Yes,34875.0,96.0,71.7,"Pattern detected because the task was submitted at the last minute, and academic activity increased sharply just before the deadline, and similar behaviour appeared in at least 2 of the last 3 tasks."
265268,No,,,0.0,No repeated procrastination pattern was found.
265978,Yes,34875.0,96.0,71.7,"Pattern detected because the task was submitted at the last minute, and academic activity increased sharply just before the deadline, and similar behaviour appeared in at least 2 of the last 3 tasks."
268153,No,,,0.0,No repeated procrastination pattern was found.
269245,No,,,65.0,No repeated procrastination pattern was found.
269508,No,,,0.0,No repeated procrastination pattern was found.
272623,No,,,14.0,No repeated procrastination pattern was found.
273442,No,,,0.0,No repeated procrastination pattern was found.
273782,Yes,34874.0,47.0,85.0,"Pattern detected because the task was submitted at the last minute, and academic activity increased sharply just before the deadline, and similar behaviour appeared in at least 2 of the last 3 tasks."
274443,Yes,34875.0,96.0,60.3,"Pattern detected because the task was submitted after the deadline, and academic activity increased sharply just before the deadline, and similar behaviour appeared in at least 2 of the last 3 tasks."
276388,Yes,34875.0,96.0,62.0,"Pattern detected because the task was submitted at the last minute, and academic activity increased sharply just before the deadline, and similar behaviour appeared in at least 2 of the last 3 tasks."
276808,Yes,34876.0,131.0,71.7,"Pattern detected because the task was submitted at the last minute, and academic activity increased sharply just before the deadline, and similar behaviour appeared in at least 2 of the last 3 tasks."
278955,Yes,34874.0,47.0,85.0,"Pattern detected because the task was submitted at the last minute, and academic activity increased sharply just before the deadline, and similar behaviour appeared in at least 2 of the last 3 tasks."
279085,Yes,34874.0,47.0,85.0,"Pattern detected because the task was submitted at the last minute, and academic activity increased sharply just before the deadline, and similar behaviour appeared in at least 2 of the last 3 tasks."
279750,No,,,0.0,No repeated procrastination pattern was found.
281638,Yes,34876.0,131.0,63.3,"Pattern detected because the task was submitted after the deadline, and similar behaviour appeared in at least 2 of the last 3 tasks."
282975,No,,,7.0,No repeated procrastination pattern was found.
283953,No,,,0.0,No repeated procrastination pattern was found.
284036,No,,,15.0,No repeated procrastination pattern was found.
284395,Yes,34877.0,173.0,71.7,"Pattern detected because the task was submitted at the last minute, and academic activity increased sharply just before the deadline, and similar behaviour appeared in at least 2 of the last 3 tasks."
289221,Yes,34874.0,47.0,80.0,"Pattern detected because the task was submitted after the deadline, and similar behaviour appeared in at least 2 of the last 3 tasks."
289304,Yes,34875.0,96.0,63.7,"Pattern detected because the task was submitted at the last minute, and academic activity increased sharply just before the deadline, and similar behaviour appeared in at least 2 of the last 3 tasks."
290521,Yes,34874.0,47.0,85.0,"Pattern detected because the task was submitted at the last minute, and academic activity increased sharply just before the deadline, and similar behaviour appeared in at least 2 of the last 3 tasks."
291237,No,,,0.0,No repeated procrastination pattern was found.
291516,No,,,65.0,No repeated procrastination pattern was found.
291745,Yes,34875.0,96.0,71.7,"Pattern detected because the task was submitted at the last minute, and academic activity increased sharply just before the deadline, and similar behaviour appeared in at least 2 of the last 3 tasks."
293317,Yes,34875.0,96.0,68.3,"Pattern detected because the task was submitted after the deadline, and academic activity increased sharply just before the deadline, and similar behaviour appeared in at least 2 of the last 3 tasks."
295255,Yes,34874.0,47.0,85.0,"Pattern detected because the task was submitted at the last minute, and academic activity increased sharply just before the deadline, and similar behaviour appeared in at least 2 of the last 3 tasks."
299281,Yes,34876.0,131.0,71.7,"Pattern detected because the task was submitted at the last minute, and academic activity increased sharply just before the deadline, and similar behaviour appeared in at least 2 of the last 3 tasks."
299886,No,,,0.0,No repeated procrastination pattern was found.
302566,No,,,35.0,No repeated procrastination pattern was found.
304240,Yes,34874.0,47.0,85.0,"Pattern detected because the task was submitted at the last minute, and academic activity increased sharply just before the deadline, and similar behaviour appeared in at least 2 of the last 3 tasks."
304589,Yes,34876.0,131.0,71.7,"Pattern detected because the task was submitted at the last minute, and academic activity increased sharply just before the deadline, and similar behaviour appeared in at least 2 of the last 3 tasks."
305858,Yes,34874.0,47.0,61.0,"Pattern detected because the task was completed close to the deadline, and academic activity increased sharply just before the deadline, and similar behaviour appeared in at least 2 of the last 3 tasks."
307245,No,,,0.0,No repeated procrastination pattern was found.
307676,No,,,7.0,No repeated procrastination pattern was found.
309150,No,,,30.5,No repeated procrastination pattern was found.
309893,Yes,34876.0,131.0,63.7,"Pattern detected because the task was submitted at the last minute, and academic activity increased sharply just before the deadline, and similar behaviour appeared in at least 2 of the last 3 tasks."
310646,Yes,34875.0,96.0,76.7,"Pattern detected because the task was submitted after the deadline, and academic activity increased sharply just before the deadline, and similar behaviour appeared in at least 2 of the last 3 tasks."
311151,No,,,,No repeated procrastination pattern was found.
312760,Yes,34875.0,96.0,85.0,"Pattern detected because the task was submitted at the last minute, and academic activity increased sharply just before the deadline, and similar behaviour appeared in at least 2 of the last 3 tasks."
313206,Yes,34875.0,96.0,92.5,"Pattern detected because the task was submitted after the deadline, and academic activity increased sharply just before the deadline, and similar behaviour appeared in at least 2 of the last 3 tasks."
313700,Yes,34875.0,96.0,70.0,"Pattern detected because the task was submitted at the last minute, and academic activity increased sharply just before the deadline, and similar behaviour appeared in at least 2 of the last 3 tasks."
314776,Yes,34884.0,236.0,67.0,"Pattern detected because the task was submitted after the deadline, and academic activity increased sharply just before the deadline, and similar behaviour appeared in at least 2 of the last 3 tasks."
315808,No,,,0.0,No repeated procrastination pattern was found.
316061,No,,,,No repeated procrastination pattern was found.
316098,Yes,34876.0,131.0,63.7,"Pattern detected because the task was submitted at the last minute, and academic activity increased sharply just before the deadline, and similar behaviour appeared in at least 2 of the last 3 tasks."
316541,Yes,34875.0,96.0,63.3,"Pattern detected because the task was submitted after the deadline, and similar behaviour appeared in at least 2 of the last 3 tasks."
318627,Yes,34876.0,131.0,81.7,"Pattern detected because the task was submitted after the deadline, and academic activity increased sharply just before the deadline, and similar behaviour appeared in at least 2 of the last 3 tasks."
319578,Yes,34874.0,47.0,85.0,"Pattern detected because the task was submitted at the last minute, and academic activity increased sharply just before the deadline, and similar behaviour appeared in at least 2 of the last 3 tasks."
320437,Yes,34875.0,96.0,56.7,"Pattern detected because the task was submitted at the last minute, and academic activity increased sharply just before the deadline, and similar behaviour appeared in at least 2 of the last 3 tasks."
321486,No,,,42.5,No repeated procrastination pattern was found.
321969,Yes,34874.0,47.0,60.0,"Pattern detected because the task was submitted after the deadline, and similar behaviour appeared in at least 2 of the last 3 tasks."
323480,Yes,34876.0,131.0,71.7,"Pattern detected because the task was submitted at the last minute, and academic activity increased sharply just before the deadline, and similar behaviour appeared in at least 2 of the last 3 tasks."
323984,Yes,34876.0,131.0,68.3,"Pattern detected because the task was submitted after the deadline, and academic activity increased sharply just before the deadline, and similar behaviour appeared in at least 2 of the last 3 tasks."
324331,Yes,34874.0,47.0,72.5,"Pattern detected because the task was submitted after the deadline, and similar behaviour appeared in at least 2 of the last 3 tasks."
324672,Yes,34877.0,173.0,71.7,"Pattern detected because the task was submitted at the last minute, and academic activity increased sharply just before the deadline, and similar behaviour appeared in at least 2 of the last 3 tasks."
325368,No,,,,No repeated procrastination pattern was found.
325750,Yes,34875.0,96.0,63.3,"Pattern detected because the task was submitted after the deadline, and similar behaviour appeared in at least 2 of the last 3 tasks."
330192,Yes,34874.0,47.0,80.0,"Pattern detected because the task was submitted after the deadline, and similar behaviour appeared in at least 2 of the last 3 tasks."
330347,Yes,34874.0,47.0,60.0,"Pattern detected because the task was submitted after the deadline, and similar behaviour appeared in at least 2 of the last 3 tasks."
330723,Yes,34875.0,96.0,55.0,"Pattern detected because the task was submitted after the deadline, and similar behaviour appeared in at least 2 of the last 3 tasks."
331039,Yes,34875.0,96.0,71.7,"Pattern detected because the task was submitted at the last minute, and academic activity increased sharply just before the deadline, and similar behaviour appeared in at least 2 of the last 3 tasks."
331417,Yes,34874.0,47.0,85.0,"Pattern detected because the task was submitted at the last minute, and academic activity increased sharply just before the deadline, and similar behaviour appeared in at least 2 of the last 3 tasks."
333710,Yes,34875.0,96.0,72.5,"Pattern detected because the task was submitted after the deadline, and similar behaviour appeared in at least 2 of the last 3 tasks."
334476,Yes,34874.0,47.0,80.5,"Pattern detected because the task was submitted after the deadline, and academic activity increased sharply just before the deadline, and similar behaviour appeared in at least 2 of the last 3 tasks."
334669,No,,,14.0,No repeated procrastination pattern was found.
335476,Yes,34875.0,96.0,53.7,"Pattern detected because the task was submitted after the deadline, and academic activity increased sharply just before the deadline, and similar behaviour appeared in at least 2 of the last 3 tasks."
335562,No,,,0.0,No repeated procrastination pattern was found.
335582,Yes,34874.0,47.0,85.0,"Pattern detected because the task was submitted at the last minute, and academic activity increased sharply just before the deadline, and similar behaviour appeared in at least 2 of the last 3 tasks."
335644,Yes,34877.0,173.0,71.7,"Pattern detected because the task was submitted at the last minute, and academic activity increased sharply just before the deadline, and similar behaviour appeared in at least 2 of the last 3 tasks."
335726,No,,,,No repeated procrastination pattern was found.
338536,Yes,34875.0,96.0,76.7,"Pattern detected because the task was submitted after the deadline, and academic activity increased sharply just before the deadline, and similar behaviour appeared in at least 2 of the last 3 tasks."
338806,Yes,34876.0,131.0,63.3,"Pattern detected because the task was submitted at the last minute, and academic activity increased sharply just before the deadline, and similar behaviour appeared in at least 2 of the last 3 tasks."
338975,No,,,0.0,No repeated procrastination pattern was found.
340647,Yes,34876.0,131.0,63.3,"Pattern detected because the task was submitted at the last minute, and academic activity increased sharply just before the deadline, and similar behaviour appeared in at least 2 of the last 3 tasks."
340751,No,,,,No repeated procrastination pattern was found.
341096,Yes,34875.0,96.0,76.7,"Pattern detected because the task was submitted after the deadline, and academic activity increased sharply just before the deadline, and similar behaviour appeared in at least 2 of the last 3 tasks."
341361,Yes,34875.0,96.0,63.3,"Pattern detected because the task was submitted at the last minute, and academic activity increased sharply just before the deadline, and similar behaviour appeared in at least 2 of the last 3 tasks."
341470,No,,,0.0,No repeated procrastination pattern was found.
341839,Yes,34874.0,47.0,85.0,"Pattern detected because the task was submitted at the last minute, and academic activity increased sharply just before the deadline, and similar behaviour appeared in at least 2 of the last 3 tasks."
342155,Yes,34875.0,96.0,76.7,"Pattern detected because the task was submitted after the deadline, and academic activity increased sharply just before the deadline, and similar behaviour appeared in at least 2 of the last 3 tasks."
342953,Yes,34875.0,96.0,71.7,"Pattern detected because the task was submitted at the last minute, and academic activity increased sharply just before the deadline, and similar behaviour appeared in at least 2 of the last 3 tasks."
343419,No,,,52.5,No repeated procrastination pattern was found.
343658,No,,,,No repeated procrastination pattern was found.
343828,Yes,34874.0,47.0,80.0,"Pattern detected because the task was submitted after the deadline, and similar behaviour appeared in at least 2 of the last 3 tasks."
344787,Yes,34876.0,131.0,71.7,"Pattern detected because the task was submitted at the last minute, and academic activity increased sharply just before the deadline, and similar behaviour appeared in at least 2 of the last 3 tasks."
347484,Yes,34875.0,96.0,71.7,"Pattern detected because the task was submitted at the last minute, and academic activity increased sharply just before the deadline, and similar behaviour appeared in at least 2 of the last 3 tasks."
347809,Yes,34874.0,47.0,85.0,"Pattern detected because the task was submitted at the last minute, and academic activity increased sharply just before the deadline, and similar behaviour appeared in at least 2 of the last 3 tasks."
348717,Yes,34876.0,131.0,72.5,"Pattern detected because the task was submitted at the last minute, and academic activity increased sharply just before the deadline, and similar behaviour appeared in at least 2 of the last 3 tasks."
348783,Yes,34875.0,96.0,70.0,"Pattern detected because the task was submitted at the last minute, and academic activity increased sharply just before the deadline, and similar behaviour appeared in at least 2 of the last 3 tasks."
349219,No,,,15.0,No repeated procrastination pattern was found.
349247,No,,,,No repeated procrastination pattern was found.
349676,Yes,34874.0,47.0,61.0,"Pattern detected because the task was completed close to the deadline, and academic activity increased sharply just before the deadline, and similar behaviour appeared in at least 2 of the last 3 tasks."
351170,Yes,34876.0,131.0,71.7,"Pattern detected because the task was submitted at the last minute, and academic activity increased sharply just before the deadline, and similar behaviour appeared in at least 2 of the last 3 tasks."
351505,Yes,34875.0,96.0,40.3,"Pattern detected because the task was submitted after the deadline, and similar behaviour appeared in at least 2 of the last 3 tasks."
353790,Yes,34875.0,96.0,76.7,"Pattern detected because the task was submitted after the deadline, and academic activity increased sharply just before the deadline, and similar behaviour appeared in at least 2 of the last 3 tasks."
354550,No,,,60.0,No repeated procrastination pattern was found.
355293,Yes,34876.0,131.0,68.7,"Pattern detected because the task was submitted at the last minute, and academic activity increased sharply just before the deadline, and similar behaviour appeared in at least 2 of the last 3 tasks."
355335,Yes,34876.0,131.0,55.7,"Pattern detected because the task was submitted at the last minute, and academic activity increased sharply just before the deadline, and similar behaviour appeared in at least 2 of the last 3 tasks."
356397,No,,,,No repeated procrastination pattern was found.
357851,Yes,34875.0,96.0,40.7,"Pattern detected because the task was completed close to the deadline, and academic activity increased sharply just before the deadline, and similar behaviour appeared in at least 2 of the last 3 tasks."
359149,No,,,28.3,No repeated procrastination pattern was found.
360747,Yes,34876.0,131.0,71.7,"Pattern detected because the task was submitted at the last minute, and academic activity increased sharply just before the deadline, and similar behaviour appeared in at least 2 of the last 3 tasks."
360986,Yes,34876.0,131.0,76.7,"Pattern detected because the task was submitted at the last minute, and academic activity increased sharply just before the deadline, and similar behaviour appeared in at least 2 of the last 3 tasks."
363738,No,,,35.3,No repeated procrastination pattern was found.
364790,Yes,34874.0,47.0,85.0,"Pattern detected because the task was submitted at the last minute, and academic activity increased sharply just before the deadline, and similar behaviour appeared in at least 2 of the last 3 tasks."
364974,Yes,34877.0,173.0,76.7,"Pattern detected because the task was submitted at the last minute, and academic activity increased sharply just before the deadline, and similar behaviour appeared in at least 2 of the last 3 tasks."
367510,No,,,43.3,No repeated procrastination pattern was found.
367605,Yes,34877.0,173.0,71.7,"Pattern detected because the task was submitted at the last minute, and academic activity increased sharply just before the deadline, and similar behaviour appeared in at least 2 of the last 3 tasks."
368315,Yes,34874.0,47.0,85.0,"Pattern detected because the task was submitted at the last minute, and academic activity increased sharply just before the deadline, and similar behaviour appeared in at least 2 of the last 3 tasks."
368935,No,,,0.0,No repeated procrastination pattern was found.
369208,Yes,34875.0,96.0,55.7,"Pattern detected because the task was submitted at the last minute, and academic activity increased sharply just before the deadline, and similar behaviour appeared in at least 2 of the last 3 tasks."
371133,Yes,34874.0,47.0,72.5,"Pattern detected because the task was submitted at the last minute, and academic activity increased sharply just before the deadline, and similar behaviour appeared in at least 2 of the last 3 tasks."
371247,Yes,34874.0,47.0,85.0,"Pattern detected because the task was submitted at the last minute, and academic activity increased sharply just before the deadline, and similar behaviour appeared in at least 2 of the last 3 tasks."
371869,No,,,40.0,No repeated procrastination pattern was found.
372262,No,,,0.0,No repeated procrastination pattern was found.
377705,No,,,0.0,No repeated procrastination pattern was found.
379070,Yes,34875.0,96.0,63.7,"Pattern detected because the task was submitted at the last minute, and academic activity increased sharply just before the deadline, and similar behaviour appeared in at least 2 of the last 3 tasks."
379843,No,,,0.0,No repeated procrastination pattern was found.
380435,No,,,0.0,No repeated procrastination pattern was found.
380710,No,,,,No repeated procrastination pattern was found.
381058,Yes,34874.0,47.0,85.0,"Pattern detected because the task was submitted at the last minute, and academic activity increased sharply just before the deadline, and similar behaviour appeared in at least 2 of the last 3 tasks."
381414,Yes,34878.0,236.0,72.5,"Pattern detected because the task was submitted after the deadline, and similar behaviour appeared in at least 2 of the last 3 tasks."
381959,No,,,15.0,No repeated procrastination pattern was found.
382156,No,,,40.3,No repeated procrastination pattern was found.
382738,Yes,34874.0,47.0,72.5,"Pattern detected because the task was submitted after the deadline, and similar behaviour appeared in at least 2 of the last 3 tasks."
383517,Yes,34875.0,96.0,63.7,"Pattern detected because the task was submitted at the last minute, and academic activity increased sharply just before the deadline, and similar behaviour appeared in at least 2 of the last 3 tasks."
384227,No,,,0.0,No repeated procrastination pattern was found.
385033,No,,,0.0,No repeated procrastination pattern was found.
385195,Yes,34875.0,96.0,71.7,"Pattern detected because the task was submitted at the last minute, and academic activity increased sharply just before the deadline, and similar behaviour appeared in at least 2 of the last 3 tasks."
385209,Yes,34877.0,173.0,55.3,"Pattern detected because the task was submitted after the deadline, and similar behaviour appeared in at least 2 of the last 3 tasks."
385547,No,,,0.0,No repeated procrastination pattern was found.
387507,Yes,34877.0,173.0,55.7,"Pattern detected because the task was completed close to the deadline, and academic activity increased sharply just before the deadline, and similar behaviour appeared in at least 2 of the last 3 tasks."
388754,Yes,34874.0,47.0,85.0,"Pattern detected because the task was submitted at the last minute, and academic activity increased sharply just before the deadline, and similar behaviour appeared in at least 2 of the last 3 tasks."
389208,Yes,34874.0,47.0,85.0,"Pattern detected because the task was submitted at the last minute, and academic activity increased sharply just before the deadline, and similar behaviour appeared in at least 2 of the last 3 tasks."
391187,Yes,34875.0,96.0,71.7,"Pattern detected because the task was submitted at the last minute, and academic activity increased sharply just before the deadline, and similar behaviour appeared in at least 2 of the last 3 tasks."
392210,No,,,,No repeated procrastination pattern was found.
392427,Yes,34874.0,47.0,85.0,"Pattern detected because the task was submitted at the last minute, and academic activity increased sharply just before the deadline, and similar behaviour appeared in at least 2 of the last 3 tasks."
392692,No,,,,No repeated procrastination pattern was found.
393526,No,,,60.0,No repeated procrastination pattern was found.
393827,Yes,34874.0,47.0,72.5,"Pattern detected because the task was submitted at the last minute, and academic activity increased sharply just before the deadline, and similar behaviour appeared in at least 2 of the last 3 tasks."
394218,Yes,34876.0,131.0,72.5,"Pattern detected because the task was submitted at the last minute, and academic activity increased sharply just before the deadline, and similar behaviour appeared in at least 2 of the last 3 tasks."
394239,Yes,34874.0,47.0,60.0,"Pattern detected because the task was submitted after the deadline, and similar behaviour appeared in at least 2 of the last 3 tasks."
395107,No,,,33.3,No repeated procrastination pattern was found.
395373,No,,,40.0,No repeated procrastination pattern was found.
395696,Yes,34875.0,96.0,63.3,"Pattern detected because the task was submitted at the last minute, and academic activity increased sharply just before the deadline, and similar behaviour appeared in at least 2 of the last 3 tasks."
395814,No,,,,No repeated procrastination pattern was found.
396502,Yes,34874.0,47.0,85.0,"Pattern detected because the task was submitted at the last minute, and academic activity increased sharply just before the deadline, and similar behaviour appeared in at least 2 of the last 3 tasks."
397292,No,,,,No repeated procrastination pattern was found.
397470,No,,,0.0,No repeated procrastination pattern was found.
397506,Yes,34875.0,96.0,47.7,"Pattern detected because the task was completed close to the deadline, and academic activity increased sharply just before the deadline, and similar behaviour appeared in at least 2 of the last 3 tasks."
400145,Yes,34874.0,47.0,92.5,"Pattern detected because the task was submitted at the last minute, and academic activity increased sharply just before the deadline, and similar behaviour appeared in at least 2 of the last 3 tasks."
400266,Yes,34874.0,47.0,80.0,"Pattern detected because the task was submitted after the deadline, and academic activity increased sharply just before the deadline, and similar behaviour appeared in at least 2 of the last 3 tasks."
401824,Yes,34874.0,47.0,80.5,"Pattern detected because the task was submitted after the deadline, and academic activity increased sharply just before the deadline, and similar behaviour appeared in at least 2 of the last 3 tasks."
401866,Yes,34874.0,47.0,73.0,"Pattern detected because the task was submitted at the last minute, and academic activity increased sharply just before the deadline, and similar behaviour appeared in at least 2 of the last 3 tasks."
402458,Yes,34875.0,96.0,61.7,"Pattern detected because the task was submitted after the deadline, and academic activity increased sharply just before the deadline, and similar behaviour appeared in at least 2 of the last 3 tasks."
402662,No,,,45.0,No repeated procrastination pattern was found.
404536,No,,,40.0,No repeated procrastination pattern was found.
